{
  "FULL": {
    "BTC-only": {
      "filter": {
        "per_asset": {
          "BTC": {
            "n_trades": 53.0,
            "net_pnl": 3048.073998,
            "gross": 3578.073998,
            "cost": 530.0,
            "sharpe": 30.854040103428297,
            "max_dd_pct": -1.1551893793110077,
            "expectancy": 57.51096450943396
          }
        },
        "universe_total": {
          "n_trades": 53.0,
          "total_pnl": 3048.073998,
          "gross_funding": 3578.073998,
          "total_cost": 530.0,
          "max_dd": -1.1551893793110077,
          "expectancy": 57.51083015094339
        }
      },
      "always_in": {
        "per_asset": {
          "BTC": {
            "n_trades": 1.0,
            "net_pnl": 3551.300106,
            "gross": 3561.300106,
            "cost": 10.0,
            "sharpe": 59.62793202035952,
            "max_dd_pct": -0.11484900112895177,
            "expectancy": 3551.3072270000002
          }
        },
        "universe_total": {
          "n_trades": 1.0,
          "total_pnl": 3551.300106,
          "gross_funding": 3561.300106,
          "total_cost": 10.0,
          "max_dd": -0.11484900112895177,
          "expectancy": 3551.300106
        }
      },
      "beat_ratio": 0.8582980618422564,
      "beat_diff_usd": -503.2261080000003
    },
    "BTC+ETH": {
      "filter": {
        "per_asset": {
          "BTC": {
            "n_trades": 53.0,
            "net_pnl": 3048.073998,
            "gross": 3578.073998,
            "cost": 530.0,
            "sharpe": 30.854040103428297,
            "max_dd_pct": -1.1551893793110077,
            "expectancy": 57.51096450943396
          },
          "ETH": {
            "n_trades": 71.0,
            "net_pnl": 2538.680189,
            "gross": 3248.680189,
            "cost": 710.0,
            "sharpe": 24.137179279519295,
            "max_dd_pct": -1.2212098767435693,
            "expectancy": 35.75470422535211
          }
        },
        "universe_total": {
          "n_trades": 124.0,
          "total_pnl": 5586.7541870000005,
          "gross_funding": 6826.7541870000005,
          "total_cost": 1240.0,
          "max_dd": -1.2212098767435693,
          "expectancy": 45.054469250000004
        }
      },
      "always_in": {
        "per_asset": {
          "BTC": {
            "n_trades": 1.0,
            "net_pnl": 3551.300106,
            "gross": 3561.300106,
            "cost": 10.0,
            "sharpe": 59.62793202035952,
            "max_dd_pct": -0.11484900112895177,
            "expectancy": 3551.3072270000002
          },
          "ETH": {
            "n_trades": 1.0,
            "net_pnl": 3159.4716049999997,
            "gross": 3169.4716049999997,
            "cost": 10.0,
            "sharpe": 58.74494417901385,
            "max_dd_pct": -0.27100990395207875,
            "expectancy": 3159.375416
          }
        },
        "universe_total": {
          "n_trades": 2.0,
          "total_pnl": 6710.771710999999,
          "gross_funding": 6730.771710999999,
          "total_cost": 20.0,
          "max_dd": -0.27100990395207875,
          "expectancy": 3355.3858554999997
        }
      },
      "beat_ratio": 0.8325054744214351,
      "beat_diff_usd": -1124.017523999999
    },
    "BTC+ETH+SOL": {
      "filter": {
        "per_asset": {
          "BTC": {
            "n_trades": 53.0,
            "net_pnl": 3048.073998,
            "gross": 3578.073998,
            "cost": 530.0,
            "sharpe": 30.854040103428297,
            "max_dd_pct": -1.1551893793110077,
            "expectancy": 57.51096450943396
          },
          "ETH": {
            "n_trades": 71.0,
            "net_pnl": 2538.680189,
            "gross": 3248.680189,
            "cost": 710.0,
            "sharpe": 24.137179279519295,
            "max_dd_pct": -1.2212098767435693,
            "expectancy": 35.75470422535211
          },
          "SOL": {
            "n_trades": 87.0,
            "net_pnl": 2291.000335,
            "gross": 3596.000335,
            "cost": 1305.0,
            "sharpe": 13.581413513580625,
            "max_dd_pct": -3.5613005464102843,
            "expectancy": 26.333337183908046
          }
        },
        "universe_total": {
          "n_trades": 211.0,
          "total_pnl": 7877.754522000001,
          "gross_funding": 10422.754522000001,
          "total_cost": 2545.0,
          "max_dd": -3.5613005464102843,
          "expectancy": 37.335329488151665
        }
      },
      "always_in": {
        "per_asset": {
          "BTC": {
            "n_trades": 1.0,
            "net_pnl": 3551.300106,
            "gross": 3561.300106,
            "cost": 10.0,
            "sharpe": 59.62793202035952,
            "max_dd_pct": -0.11484900112895177,
            "expectancy": 3551.3072270000002
          },
          "ETH": {
            "n_trades": 1.0,
            "net_pnl": 3159.4716049999997,
            "gross": 3169.4716049999997,
            "cost": 10.0,
            "sharpe": 58.74494417901385,
            "max_dd_pct": -0.27100990395207875,
            "expectancy": 3159.375416
          },
          "SOL": {
            "n_trades": 1.0,
            "net_pnl": 3136.794411,
            "gross": 3151.794411,
            "cost": 15.0,
            "sharpe": 35.09943119701177,
            "max_dd_pct": -1.8480167613856482,
            "expectancy": 3136.84559
          }
        },
        "universe_total": {
          "n_trades": 3.0,
          "total_pnl": 9847.566122,
          "gross_funding": 9882.566122,
          "total_cost": 35.0,
          "max_dd": -1.8480167613856482,
          "expectancy": 3282.5220406666667
        }
      },
      "beat_ratio": 0.799969700574101,
      "beat_diff_usd": -1969.811599999999
    }
  },
  "OOS": {
    "BTC-only": {
      "filter": {
        "per_asset": {
          "BTC": {
            "n_trades": 40.0,
            "net_pnl": 541.791344,
            "gross": 941.7913440000001,
            "cost": 400.0,
            "sharpe": 10.88530417397515,
            "max_dd_pct": -1.4259163777730302,
            "expectancy": 13.544961625000003
          }
        },
        "universe_total": {
          "n_trades": 40.0,
          "total_pnl": 541.791344,
          "gross_funding": 941.7913440000001,
          "total_cost": 400.0,
          "max_dd": -1.4259163777730302,
          "expectancy": 13.544783599999999
        }
      },
      "always_in": {
        "per_asset": {
          "BTC": {
            "n_trades": 1.0,
            "net_pnl": 885.049989,
            "gross": 895.049989,
            "cost": 10.0,
            "sharpe": 54.916922025851854,
            "max_dd_pct": -0.1366045342620627,
            "expectancy": 885.05711
          }
        },
        "universe_total": {
          "n_trades": 1.0,
          "total_pnl": 885.049989,
          "gross_funding": 895.049989,
          "total_cost": 10.0,
          "max_dd": -0.1366045342620627,
          "expectancy": 885.049989
        }
      },
      "beat_ratio": 0.6121590313922934,
      "beat_diff_usd": -343.258645
    },
    "BTC+ETH": {
      "filter": {
        "per_asset": {
          "BTC": {
            "n_trades": 40.0,
            "net_pnl": 541.791344,
            "gross": 941.7913440000001,
            "cost": 400.0,
            "sharpe": 10.88530417397515,
            "max_dd_pct": -1.4259163777730302,
            "expectancy": 13.544961625000003
          },
          "ETH": {
            "n_trades": 41.0,
            "net_pnl": 490.54861200000005,
            "gross": 900.548612,
            "cost": 410.0,
            "sharpe": 9.786115249827219,
            "max_dd_pct": -0.9202922822178112,
            "expectancy": 11.962254219512195
          }
        },
        "universe_total": {
          "n_trades": 81.0,
          "total_pnl": 1032.339956,
          "gross_funding": 1842.3399560000003,
          "total_cost": 810.0,
          "max_dd": -1.4259163777730302,