{
  "baseline": {
    "label": "Baseline paper (no friction)",
    "n_trades": 14,
    "wins": 10,
    "losses": 4,
    "flat": 0,
    "wr": 71.42857142857143,
    "total_pnl": 127.322545,
    "avg_win": 12.857925600000002,
    "avg_loss": -0.31417775000000003,
    "expectancy": 9.0944675,
    "pf": 102.31410085532792,
    "max_dd_usd": 0.8573579999999978
  },
  "uniform": {
    "optimistic": {
      "label": "Uniform optimistic ($11.00/trade)",
      "n_trades": 14,
      "wins": 3,
      "losses": 11,
      "flat": 0,
      "wr": 21.428571428571427,
      "total_pnl": -26.67745499999999,
      "avg_win": 21.894492333333336,
      "avg_loss": -8.396448363636365,
      "expectancy": -1.9055324999999994,
      "pf": 0.7111608293428655,
      "max_dd_usd": 58.82220100000001
    },
    "median": {
      "label": "Uniform median ($15.00/trade)",
      "n_trades": 14,
      "wins": 3,
      "losses": 11,
      "flat": 0,
      "wr": 21.428571428571427,
      "total_pnl": -82.67745499999998,
      "avg_win": 17.894492333333336,
      "avg_loss": -12.396448363636365,
      "expectancy": -5.905532499999999,
      "pf": 0.39368663892675654,
      "max_dd_usd": 98.822201
    },
    "conservative": {
      "label": "Uniform conservative ($19.00/trade)",
      "n_trades": 14,
      "wins": 3,
      "losses": 11,
      "flat": 0,
      "wr": 21.428571428571427,
      "total_pnl": -138.677455,
      "avg_win": 13.894492333333337,
      "avg_loss": -16.396448363636367,
      "expectancy": -9.905532500000001,
      "pf": 0.23111145267313216,
      "max_dd_usd": 142.76140700000002
    }
  },
  "per_asset": {
    "optimistic": {
      "label": "Per-asset optimistic",
      "n_trades": 14,
      "wins": 3,
      "losses": 11,
      "flat": 0,
      "wr": 21.428571428571427,
      "total_pnl": -22.67745499999999,
      "avg_win": 23.894492333333336,
      "avg_loss": -8.578266545454547,
      "expectancy": -1.6198182142857136,
      "pf": 0.7596732618113607,
      "max_dd_usd": 58.82220100000001
    },
    "median": {
      "label": "Per-asset median",
      "n_trades": 14,
      "wins": 3,
      "losses": 11,
      "flat": 0,
      "wr": 21.428571428571427,
      "total_pnl": -42.677454999999995,
      "avg_win": 22.894492333333336,
      "avg_loss": -10.12372109090909,
      "expectancy": -3.0483896428571424,
      "pf": 0.6167645669488472,
      "max_dd_usd": 73.822201
    },
    "conservative": {
      "label": "Per-asset conservative",
      "n_trades": 14,
      "wins": 3,
      "losses": 11,
      "flat": 0,
      "wr": 21.428571428571427,
      "total_pnl": -62.67745499999998,
      "avg_win": 21.894492333333336,
      "avg_loss": -11.669175636363638,
      "expectancy": -4.47696107142857,
      "pf": 0.5117092558972695,
      "max_dd_usd": 88.822201
    }
  },
  "per_asset_standalone_median": {
    "SOL": {
      "label": "SOL only",
      "n_trades": 6,
      "wins": 0,
      "losses": 6,
      "flat": 0,
      "wr": 0.0,
      "total_pnl": -66.350665,
      "avg_win": 0,
      "avg_loss": -11.058444166666668,
      "expectancy": -11.058444166666668,
      "pf": 0.0,
      "max_dd_usd": 66.350665
    },
    "BTC": {
      "label": "BTC only",
      "n_trades": 3,
      "wins": 1,
      "losses": 2,
      "flat": 0,
      "wr": 33.33333333333333,
      "total_pnl": 19.009884000000007,
      "avg_win": 33.782030000000006,
      "avg_loss": -7.386073,
      "expectancy": 6.336628000000002,
      "pf": 2.2868735524276573,
      "max_dd_usd": 7.622076
    },
    "ETH": {
      "label": "ETH only",
      "n_trades": 5,
      "wins": 2,
      "losses": 3,
      "flat": 0,
      "wr": 40.0,
      "total_pnl": 4.6633260000000085,
      "avg_win": 17.450723500000002,
      "avg_loss": -10.079373666666667,
      "expectancy": 0.9326652000000017,
      "pf": 1.1542200985305935,
      "max_dd_usd": 30.238121
    }
  }
}