{
  "BTC_0.005": {
    "n": 40,
    "net": 541.791344,
    "gross": 941.7913440000001,
    "cost": 400.0,
    "sharpe": 10.88530417397515,
    "max_dd": -1.4259163777730302
  },
  "ETH_0.005": {
    "n": 41,
    "net": 490.54861200000005,
    "gross": 900.548612,
    "cost": 410.0,
    "sharpe": 9.786115249827219,
    "max_dd": -0.9202922822178112
  },
  "BTC_0.0075": {
    "n": 38,
    "net": 562.163024,
    "gross": 942.1630240000001,
    "cost": 380.0,
    "sharpe": 11.566274138042953,
    "max_dd": -1.2340224371667199
  },
  "ETH_0.0075": {
    "n": 41,
    "net": 489.9579359999999,
    "gross": 899.957936,
    "cost": 410.0,
    "sharpe": 9.768234577181456,
    "max_dd": -0.9260537037025949
  },
  "BTC_0.01": {
    "n": 38,
    "net": 560.920781,
    "gross": 940.920781,
    "cost": 380.0,
    "sharpe": 11.541584325744493,
    "max_dd": -1.2438111551854465
  },
  "ETH_0.01": {
    "n": 41,
    "net": 488.43603399999995,
    "gross": 898.4360340000001,
    "cost": 410.0,
    "sharpe": 9.735617738390477,
    "max_dd": -0.9333070916456255
  },
  "BTC_0.0125": {
    "n": 38,
    "net": 560.6021979999999,
    "gross": 940.6021979999999,
    "cost": 380.0,
    "sharpe": 11.532770482061057,
    "max_dd": -1.246114284941624
  },
  "ETH_0.0125": {
    "n": 40,
    "net": 500.305569,
    "gross": 900.305569,
    "cost": 400.0,
    "sharpe": 10.092862926260675,
    "max_dd": -0.8320137142296667
  },
  "BTC_0.015": {
    "n": 36,
    "net": 583.0004029999999,
    "gross": 943.0004029999999,
    "cost": 360.0,
    "sharpe": 12.310833816894624,
    "max_dd": -1.0362051668342245
  },
  "ETH_0.015": {
    "n": 39,
    "net": 512.146675,
    "gross": 902.146675,
    "cost": 390.0,
    "sharpe": 10.458590800404776,
    "max_dd": -0.8327143790601144
  }
}