{
  "BTC-only": {
    "pure_always_in": {
      "per_asset": {
        "BTC": {
          "n_trades": 1.0,
          "net_pnl": 885.049989,
          "gross": 895.049989,
          "cost": 10.0,
          "sharpe": 54.916922025851854,
          "max_dd_pct": -0.1366045342620627,
          "time_in_pos_pct": 100.0
        }
      },
      "universe_total": {
        "n_trades": 1.0,
        "total_pnl": 885.049989,
        "gross_funding": 895.049989,
        "total_cost": 10.0,
        "max_dd_pct": -0.1366045342620627
      }
    },
    "cb_-1": {
      "per_asset": {
        "BTC": {
          "n_trades": 1.0,
          "net_pnl": 885.049989,
          "gross": 895.049989,
          "cost": 10.0,
          "sharpe": 54.916922025851854,
          "max_dd_pct": -0.1366045342620627,
          "time_in_pos_pct": 100.0
        }
      },
      "universe_total": {
        "n_trades": 1.0,
        "total_pnl": 885.049989,
        "gross_funding": 895.049989,
        "total_cost": 10.0,
        "max_dd_pct": -0.1366045342620627
      }
    },
    "cb_-2": {
      "per_asset": {
        "BTC": {
          "n_trades": 1.0,
          "net_pnl": 885.049989,
          "gross": 895.049989,
          "cost": 10.0,
          "sharpe": 54.916922025851854,
          "max_dd_pct": -0.1366045342620627,
          "time_in_pos_pct": 100.0
        }
      },
      "universe_total": {
        "n_trades": 1.0,
        "total_pnl": 885.049989,
        "gross_funding": 895.049989,
        "total_cost": 10.0,
        "max_dd_pct": -0.1366045342620627
      }
    },
    "cb_-3": {
      "per_asset": {
        "BTC": {
          "n_trades": 1.0,
          "net_pnl": 885.049989,
          "gross": 895.049989,
          "cost": 10.0,
          "sharpe": 54.916922025851854,
          "max_dd_pct": -0.1366045342620627,
          "time_in_pos_pct": 100.0
        }
      },
      "universe_total": {
        "n_trades": 1.0,
        "total_pnl": 885.049989,
        "gross_funding": 895.049989,
        "total_cost": 10.0,
        "max_dd_pct": -0.1366045342620627
      }
    },
    "cb_-5": {
      "per_asset": {
        "BTC": {
          "n_trades": 1.0,
          "net_pnl": 885.049989,
          "gross": 895.049989,
          "cost": 10.0,
          "sharpe": 54.916922025851854,
          "max_dd_pct": -0.1366045342620627,
          "time_in_pos_pct": 100.0
        }
      },
      "universe_total": {
        "n_trades": 1.0,
        "total_pnl": 885.049989,
        "gross_funding": 895.049989,
        "total_cost": 10.0,
        "max_dd_pct": -0.1366045342620627
      }
    },
    "cb_-8": {
      "per_asset": {
        "BTC": {
          "n_trades": 1.0,
          "net_pnl": 885.049989,
          "gross": 895.049989,
          "cost": 10.0,
          "sharpe": 54.916922025851854,
          "max_dd_pct": -0.1366045342620627,
          "time_in_pos_pct": 100.0
        }
      },
      "universe_total": {
        "n_trades": 1.0,
        "total_pnl": 885.049989,
        "gross_funding": 895.049989,
        "total_cost": 10.0,
        "max_dd_pct": -0.1366045342620627
      }
    },
    "cb_-10": {
      "per_asset": {
        "BTC": {
          "n_trades": 1.0,
          "net_pnl": 885.049989,
          "gross": 895.049989,
          "cost": 10.0,
          "sharpe": 54.916922025851854,
          "max_dd_pct": -0.1366045342620627,
          "time_in_pos_pct": 100.0
        }
      },
      "universe_total": {
        "n_trades": 1.0,
        "total_pnl": 885.049989,
        "gross_funding": 895.049989,
        "total_cost": 10.0,
        "max_dd_pct": -0.1366045342620627
      }
    }
  },
  "BTC+ETH": {
    "pure_always_in": {
      "per_asset": {
        "BTC": {
          "n_trades": 1.0,
          "net_pnl": 885.049989,
          "gross": 895.049989,
          "cost": 10.0,
          "sharpe": 54.916922025851854,
          "max_dd_pct": -0.1366045342620627,
          "time_in_pos_pct": 100.0
        },
        "ETH": {
          "n_trades": 1.0,
          "net_pnl": 800.659722,
          "gross": 810.659722,
          "cost": 10.0,
          "sharpe": 46.4496286738404,
          "max_dd_pct": -0.3348650482114148,
          "time_in_pos_pct": 100.0
        }
      },
      "universe_total": {
        "n_trades": 2.0,
        "total_pnl": 1685.709711,
        "gross_funding": 1705.709711,
        "total_cost": 20.0,
        "max_dd_pct": -0.3348650482114148
      }
    },
    "cb_-1": {
      "per_asset": {
        "BTC": {
          "n_trades": 1.0,
          "net_pnl": 885.049989,
          "gross": 895.049989,
          "cost": 10.0,
          "sharpe": 54.916922025851854,
          "max_dd_pct": -0.1366045342620627,
          "time_in_pos_pct": 100.0
        },
        "ETH": {
          "n_trades": 1.0,
          "net_pnl": 800.659722,
          "gross": 810.659722,
          "cost": 10.0,
          "sharpe": 46.4496286738404,
          "max_dd_pct": -0.3348650482114148,
          "time_in_pos_pct": 100.0
        }
      },
      "universe_total": {
        "n_trades": 2.0,
        "total_pnl": 1685.709711,
        "gross_funding": 1705.709711,
        "total_cost": 20.0,
        "max_dd_pct": -0.3348650482114148
      }
    },
    "cb_-2": {
      "per_asset": {
        "BTC": {
          "n_trades": 1.0,
          "net_pnl": 885.049989,
          "gross": 895.049989,
          "cost": 10.0,
          "sharpe": 54.916922025851854,
          "max_dd_pct": -0.1366045342620627,
          "time_in_pos_pct": 100.0
        },
        "ETH": {
          "n_trades": 1.0,
          "net_pnl": 800.659722,
          "gross": 810.659722,
          "cost": 10.0,
          "sharpe": 46.4496286738404,
          "max_dd_pct": -0.3348650482114148,
          "time_in_pos_pct": 100.0
        }
      },
      "universe_total": {
        "n_trades": 2.0,
        "total_pnl": 1685.709711,
        "gross_funding": 1705.709711,
        "total_cost": 20.0,
        "max_dd_pct": -0.3348650482114148
      }
    },
    "cb_-3": {
      "per_asset": {
        "BTC": {
          "n_trades": 1.0,
          "net_pnl": 885.049989,
          "gross": 895.049989,
          "cost": 10.0,
          "sharpe": 54.916922025851854,
          "max_dd_pct": -0.1366045342620627,
          "time_in_pos_pct": 100.0
        },
        "ETH": {
          "n_trades": 1.0,
          "net_pnl": 800.659722,
          "gross": 810.659722,
          "cost": 10.0,
          "sharpe": 46.4496286738404,
          "max_dd_pct": -0.3348650482114148,
          "time_in_pos_pct": 100.0
        }
      },
      "universe_total": {
        "n_trades": 2.0,
        "total_pnl": 1685.709711,
        "gross_funding": 1705.709711,
        "total_cost": 20.0,
        "max_dd_pct": -0.3348650482114148
      }
    },
    "cb_-5": {
      "per_asset": {
        "BTC": {
          "n_trades": 1.0,
          "net_pnl": 885.049989,
          "gross": 895.049989,
          "cost": 10.0,
          "sharpe": 54.916922025851854,
          "max_dd_pct": -0.1366045342620627,
          "time_in_pos_pct": 100.0
        },
        "ETH": {
          "n_trades": 1.0,
          "net_pnl": 800.659722,
          "gross": 810.659722,
          "cost": 10.0,
          "sharpe": 46.4496286738404,
          "max_dd_pct": -0.3348650482114148,
          "time_in_pos_pct": 100.0
        }
      },
      "universe_total": {
        "n_trades": 2.0,
        "total_pnl": 1685.709711,
        "gross_funding": 1705.709711,
        "total_cost": 20.0,
        "max_dd_pct": -0.3348650482114148
      }
    },
    "cb_-8": {
      "per_asset": {
        "BTC": {
          "n_trades": 1.0,
          "net_pnl": 885.049989,
          "gross": 895.049989,
          "cost": 10.0,
          "sharpe": 54.916922025851854,
          "max_dd_pct": -0.1366045342620627,
          "time_in_pos_pct": 100.0
        },
        "ETH": {
          "n_trades": 1.0,
          "net_pnl": 800.659722,
          "gross": 810.659722,
          "cost": 10.0,
          "sharpe": 46.4496286738404,